-- =====================================================================
-- CEI326 Web Engineering – Registry of Assets (Pothen Esches)
-- Seed data with REAL Cyprus Parliament members (2021–2026 term).
-- Source: Wikipedia / House of Representatives of Cyprus
--
-- All seeded users share the password 'password' (bcrypt hash below).
-- =====================================================================

USE cei326_project;

-- ---------------------------------------------------------------------
-- Administrator account.
-- ---------------------------------------------------------------------
INSERT INTO users (username, email, password_hash, role, first_name, last_name) VALUES
('Admin User', 'admin@example.com', '$2y$12$92IXUNpkjO0rOQ5byMi.Ye4oKoEa3Ro9llC/.og/at2.uheWG/igi', 'admin', 'Admin', 'User');

-- ---------------------------------------------------------------------
-- Reference data: parties, positions, districts, committees.
-- ---------------------------------------------------------------------
INSERT INTO parties (name, short_name) VALUES
('Democratic Rally', 'DISY'),
('Progressive Party of Working People', 'AKEL'),
('Democratic Party', 'DIKO'),
('Movement for Social Democracy', 'EDEK'),
('Democratic Alignment', 'DIPA'),
('National Popular Front', 'ELAM'),
('Movement of Ecologists – Citizens Cooperation', 'KOSP');

INSERT INTO positions (title) VALUES
('Member of Parliament'),
('Minister'),
('President'),
('Mayor'),
('Municipal Councillor'),
('Deputy Minister'),
('Speaker of the House');

INSERT INTO districts (name) VALUES
('Nicosia'), ('Limassol'), ('Larnaca'), ('Paphos'), ('Famagusta'), ('Kyrenia');

INSERT INTO committees (name, description) VALUES
('Finance and Budget', 'Oversight of public finances, taxation and the state budget.'),
('Foreign and European Affairs', 'External relations, EU integration and international agreements.'),
('Defence', 'National defence, armed forces and security policy.'),
('Education and Culture', 'Education system, research and cultural affairs.'),
('Health', 'Public health policy, hospitals and medical services.'),
('Institutions, Values and Anti-Corruption', 'Institutional integrity and anti-corruption oversight.'),
('Environment', 'Environmental protection and sustainable development.'),
('Labour and Social Insurance', 'Employment, social security and welfare.');

-- ---------------------------------------------------------------------
-- Politician user accounts (56 real MPs, 2021-2026 term).
-- ---------------------------------------------------------------------
INSERT INTO users (username, email, password_hash, role, first_name, last_name) VALUES
('Prodromos Alabritis', 'prodromos.alabritis@parliament.cy', '$2y$12$92IXUNpkjO0rOQ5byMi.Ye4oKoEa3Ro9llC/.og/at2.uheWG/igi', 'politician', 'Prodromos', 'Alabritis'),
('Andreas Apostolou', 'andreas.apostolou@parliament.cy', '$2y$12$92IXUNpkjO0rOQ5byMi.Ye4oKoEa3Ro9llC/.og/at2.uheWG/igi', 'politician', 'Andreas', 'Apostolou'),
('Alexandra Attalides', 'alexandra.attalides@parliament.cy', '$2y$12$92IXUNpkjO0rOQ5byMi.Ye4oKoEa3Ro9llC/.og/at2.uheWG/igi', 'politician', 'Alexandra', 'Attalides'),
('Giannakis Gabriel', 'giannakis.gabriel@parliament.cy', '$2y$12$92IXUNpkjO0rOQ5byMi.Ye4oKoEa3Ro9llC/.og/at2.uheWG/igi', 'politician', 'Giannakis', 'Gabriel'),
('Haris Georgiadis', 'haris.georgiadis@parliament.cy', '$2y$12$92IXUNpkjO0rOQ5byMi.Ye4oKoEa3Ro9llC/.og/at2.uheWG/igi', 'politician', 'Haris', 'Georgiadis'),
('Nikos Georgiou', 'nikos.georgiou@parliament.cy', '$2y$12$92IXUNpkjO0rOQ5byMi.Ye4oKoEa3Ro9llC/.og/at2.uheWG/igi', 'politician', 'Nikos', 'Georgiou'),
('Michalis Giakoumis', 'michalis.giakoumis@parliament.cy', '$2y$12$92IXUNpkjO0rOQ5byMi.Ye4oKoEa3Ro9llC/.og/at2.uheWG/igi', 'politician', 'Michalis', 'Giakoumis'),
('Aristos Damianou', 'aristos.damianou@parliament.cy', '$2y$12$92IXUNpkjO0rOQ5byMi.Ye4oKoEa3Ro9llC/.og/at2.uheWG/igi', 'politician', 'Aristos', 'Damianou'),
('Annita Demetriou', 'annita.demetriou@parliament.cy', '$2y$12$92IXUNpkjO0rOQ5byMi.Ye4oKoEa3Ro9llC/.og/at2.uheWG/igi', 'politician', 'Annita', 'Demetriou'),
('Dimitris Dimitriou', 'dimitris.dimitriou@parliament.cy', '$2y$12$92IXUNpkjO0rOQ5byMi.Ye4oKoEa3Ro9llC/.og/at2.uheWG/igi', 'politician', 'Dimitris', 'Dimitriou'),
('Efthymios Diplaros', 'efthymios.diplaros@parliament.cy', '$2y$12$92IXUNpkjO0rOQ5byMi.Ye4oKoEa3Ro9llC/.og/at2.uheWG/igi', 'politician', 'Efthymios', 'Diplaros'),
('Christiana Erotokritou', 'christiana.erotokritou@parliament.cy', '$2y$12$92IXUNpkjO0rOQ5byMi.Ye4oKoEa3Ro9llC/.og/at2.uheWG/igi', 'politician', 'Christiana', 'Erotokritou'),
('Konstantinos Efstathiou', 'konstantinos.efstathiou@parliament.cy', '$2y$12$92IXUNpkjO0rOQ5byMi.Ye4oKoEa3Ro9llC/.og/at2.uheWG/igi', 'politician', 'Konstantinos', 'Efstathiou'),
('Andreas Themistocleous', 'andreas.themistocleous@parliament.cy', '$2y$12$92IXUNpkjO0rOQ5byMi.Ye4oKoEa3Ro9llC/.og/at2.uheWG/igi', 'politician', 'Andreas', 'Themistocleous'),
('Rita Theodorou', 'rita.theodorou@parliament.cy', '$2y$12$92IXUNpkjO0rOQ5byMi.Ye4oKoEa3Ro9llC/.og/at2.uheWG/igi', 'politician', 'Rita', 'Theodorou'),
('Charalambos Theopeptou', 'charalambos.theopeptou@parliament.cy', '$2y$12$92IXUNpkjO0rOQ5byMi.Ye4oKoEa3Ro9llC/.og/at2.uheWG/igi', 'politician', 'Charalambos', 'Theopeptou'),
('Sotiris Ioannou', 'sotiris.ioannou@parliament.cy', '$2y$12$92IXUNpkjO0rOQ5byMi.Ye4oKoEa3Ro9llC/.og/at2.uheWG/igi', 'politician', 'Sotiris', 'Ioannou'),
('Marios Garoyian', 'marios.garoyian@parliament.cy', '$2y$12$92IXUNpkjO0rOQ5byMi.Ye4oKoEa3Ro9llC/.og/at2.uheWG/igi', 'politician', 'Marios', 'Garoyian'),
('George Karoullas', 'george.karoullas@parliament.cy', '$2y$12$92IXUNpkjO0rOQ5byMi.Ye4oKoEa3Ro9llC/.og/at2.uheWG/igi', 'politician', 'George', 'Karoullas'),
('Andreas Kavkalias', 'andreas.kavkalias@parliament.cy', '$2y$12$92IXUNpkjO0rOQ5byMi.Ye4oKoEa3Ro9llC/.og/at2.uheWG/igi', 'politician', 'Andreas', 'Kavkalias'),
('Nikos Kettiros', 'nikos.kettiros@parliament.cy', '$2y$12$92IXUNpkjO0rOQ5byMi.Ye4oKoEa3Ro9llC/.og/at2.uheWG/igi', 'politician', 'Nikos', 'Kettiros'),
('George Koukoumas', 'george.koukoumas@parliament.cy', '$2y$12$92IXUNpkjO0rOQ5byMi.Ye4oKoEa3Ro9llC/.og/at2.uheWG/igi', 'politician', 'George', 'Koukoumas'),
('Zacharias Koulias', 'zacharias.koulias@parliament.cy', '$2y$12$92IXUNpkjO0rOQ5byMi.Ye4oKoEa3Ro9llC/.og/at2.uheWG/igi', 'politician', 'Zacharias', 'Koulias'),
('Onofrios Koullas', 'onofrios.koullas@parliament.cy', '$2y$12$92IXUNpkjO0rOQ5byMi.Ye4oKoEa3Ro9llC/.og/at2.uheWG/igi', 'politician', 'Onofrios', 'Koullas'),
('Andros Kyprianou', 'andros.kyprianou@parliament.cy', '$2y$12$92IXUNpkjO0rOQ5byMi.Ye4oKoEa3Ro9llC/.og/at2.uheWG/igi', 'politician', 'Andros', 'Kyprianou'),
('Kostas Kostas', 'kostas.kostas@parliament.cy', '$2y$12$92IXUNpkjO0rOQ5byMi.Ye4oKoEa3Ro9llC/.og/at2.uheWG/igi', 'politician', 'Kostas', 'Kostas'),
('Panikos Leonidou', 'panikos.leonidou@parliament.cy', '$2y$12$92IXUNpkjO0rOQ5byMi.Ye4oKoEa3Ro9llC/.og/at2.uheWG/igi', 'politician', 'Panikos', 'Leonidou'),
('George Loukaidis', 'george.loukaidis@parliament.cy', '$2y$12$92IXUNpkjO0rOQ5byMi.Ye4oKoEa3Ro9llC/.og/at2.uheWG/igi', 'politician', 'George', 'Loukaidis'),
('Marios Mavridis', 'marios.mavridis@parliament.cy', '$2y$12$92IXUNpkjO0rOQ5byMi.Ye4oKoEa3Ro9llC/.og/at2.uheWG/igi', 'politician', 'Marios', 'Mavridis'),
('Marinos Mousouttas', 'marinos.mousouttas@parliament.cy', '$2y$12$92IXUNpkjO0rOQ5byMi.Ye4oKoEa3Ro9llC/.og/at2.uheWG/igi', 'politician', 'Marinos', 'Mousouttas'),
('Pavlos Mylonas', 'pavlos.mylonas@parliament.cy', '$2y$12$92IXUNpkjO0rOQ5byMi.Ye4oKoEa3Ro9llC/.og/at2.uheWG/igi', 'politician', 'Pavlos', 'Mylonas'),
('Ilias Myrianthous', 'ilias.myrianthous@parliament.cy', '$2y$12$92IXUNpkjO0rOQ5byMi.Ye4oKoEa3Ro9llC/.og/at2.uheWG/igi', 'politician', 'Ilias', 'Myrianthous'),
('Averof Neofytou', 'averof.neofytou@parliament.cy', '$2y$12$92IXUNpkjO0rOQ5byMi.Ye4oKoEa3Ro9llC/.og/at2.uheWG/igi', 'politician', 'Averof', 'Neofytou'),
('Marina Nikolaou', 'marina.nikolaou@parliament.cy', '$2y$12$92IXUNpkjO0rOQ5byMi.Ye4oKoEa3Ro9llC/.og/at2.uheWG/igi', 'politician', 'Marina', 'Nikolaou'),
('Christos Orphanidis', 'christos.orphanidis@parliament.cy', '$2y$12$92IXUNpkjO0rOQ5byMi.Ye4oKoEa3Ro9llC/.og/at2.uheWG/igi', 'politician', 'Christos', 'Orphanidis'),
('Savia Orfanidou', 'savia.orfanidou@parliament.cy', '$2y$12$92IXUNpkjO0rOQ5byMi.Ye4oKoEa3Ro9llC/.og/at2.uheWG/igi', 'politician', 'Savia', 'Orfanidou'),
('Charalambos Pazaros', 'charalambos.pazaros@parliament.cy', '$2y$12$92IXUNpkjO0rOQ5byMi.Ye4oKoEa3Ro9llC/.og/at2.uheWG/igi', 'politician', 'Charalambos', 'Pazaros'),
('Chrysis Pantelidis', 'chrysis.pantelidis@parliament.cy', '$2y$12$92IXUNpkjO0rOQ5byMi.Ye4oKoEa3Ro9llC/.og/at2.uheWG/igi', 'politician', 'Chrysis', 'Pantelidis'),
('Linos Papagiannis', 'linos.papagiannis@parliament.cy', '$2y$12$92IXUNpkjO0rOQ5byMi.Ye4oKoEa3Ro9llC/.og/at2.uheWG/igi', 'politician', 'Linos', 'Papagiannis'),
('Nicholas Papadopoulos', 'nicholas.papadopoulos@parliament.cy', '$2y$12$92IXUNpkjO0rOQ5byMi.Ye4oKoEa3Ro9llC/.og/at2.uheWG/igi', 'politician', 'Nicholas', 'Papadopoulos'),
('Stavros Papadouris', 'stavros.papadouris@parliament.cy', '$2y$12$92IXUNpkjO0rOQ5byMi.Ye4oKoEa3Ro9llC/.og/at2.uheWG/igi', 'politician', 'Stavros', 'Papadouris'),
('Andreas Pasiourtidis', 'andreas.pasiourtidis@parliament.cy', '$2y$12$92IXUNpkjO0rOQ5byMi.Ye4oKoEa3Ro9llC/.og/at2.uheWG/igi', 'politician', 'Andreas', 'Pasiourtidis'),
('Chrysanthos Savvidis', 'chrysanthos.savvidis@parliament.cy', '$2y$12$92IXUNpkjO0rOQ5byMi.Ye4oKoEa3Ro9llC/.og/at2.uheWG/igi', 'politician', 'Chrysanthos', 'Savvidis'),
('Christos Senekis', 'christos.senekis@parliament.cy', '$2y$12$92IXUNpkjO0rOQ5byMi.Ye4oKoEa3Ro9llC/.og/at2.uheWG/igi', 'politician', 'Christos', 'Senekis'),
('Marinos Sizopoulos', 'marinos.sizopoulos@parliament.cy', '$2y$12$92IXUNpkjO0rOQ5byMi.Ye4oKoEa3Ro9llC/.og/at2.uheWG/igi', 'politician', 'Marinos', 'Sizopoulos'),
('Stefanos Stefanou', 'stefanos.stefanou@parliament.cy', '$2y$12$92IXUNpkjO0rOQ5byMi.Ye4oKoEa3Ro9llC/.og/at2.uheWG/igi', 'politician', 'Stefanos', 'Stefanou'),
('Nikos Sykas', 'nikos.sykas@parliament.cy', '$2y$12$92IXUNpkjO0rOQ5byMi.Ye4oKoEa3Ro9llC/.og/at2.uheWG/igi', 'politician', 'Nikos', 'Sykas'),
('Nicos Tornaritis', 'nicos.tornaritis@parliament.cy', '$2y$12$92IXUNpkjO0rOQ5byMi.Ye4oKoEa3Ro9llC/.og/at2.uheWG/igi', 'politician', 'Nicos', 'Tornaritis'),
('Alekos Tryfonidis', 'alekos.tryfonidis@parliament.cy', '$2y$12$92IXUNpkjO0rOQ5byMi.Ye4oKoEa3Ro9llC/.og/at2.uheWG/igi', 'politician', 'Alekos', 'Tryfonidis'),
('Fotini Tsiridou', 'fotini.tsiridou@parliament.cy', '$2y$12$92IXUNpkjO0rOQ5byMi.Ye4oKoEa3Ro9llC/.og/at2.uheWG/igi', 'politician', 'Fotini', 'Tsiridou'),
('Valentinos Fakontis', 'valentinos.fakontis@parliament.cy', '$2y$12$92IXUNpkjO0rOQ5byMi.Ye4oKoEa3Ro9llC/.og/at2.uheWG/igi', 'politician', 'Valentinos', 'Fakontis'),
('Irini Charalambidou', 'irini.charalambidou@parliament.cy', '$2y$12$92IXUNpkjO0rOQ5byMi.Ye4oKoEa3Ro9llC/.og/at2.uheWG/igi', 'politician', 'Irini', 'Charalambidou'),
('Kyriakos Hatzigiannis', 'kyriakos.hatzigiannis@parliament.cy', '$2y$12$92IXUNpkjO0rOQ5byMi.Ye4oKoEa3Ro9llC/.og/at2.uheWG/igi', 'politician', 'Kyriakos', 'Hatzigiannis'),
('Christos Christou', 'christos.christou@parliament.cy', '$2y$12$92IXUNpkjO0rOQ5byMi.Ye4oKoEa3Ro9llC/.og/at2.uheWG/igi', 'politician', 'Christos', 'Christou'),
('Christos Christofias', 'christos.christofias@parliament.cy', '$2y$12$92IXUNpkjO0rOQ5byMi.Ye4oKoEa3Ro9llC/.og/at2.uheWG/igi', 'politician', 'Christos', 'Christofias'),
('Christos Christofidis', 'christos.christofidis@parliament.cy', '$2y$12$92IXUNpkjO0rOQ5byMi.Ye4oKoEa3Ro9llC/.og/at2.uheWG/igi', 'politician', 'Christos', 'Christofidis');

-- ---------------------------------------------------------------------
-- Politician profiles. user_id starts at 2 (admin=1).
-- position_id=1 = Member of Parliament for all.
-- ---------------------------------------------------------------------
INSERT INTO politicians (user_id, party_id, position_id, district_id, children) VALUES
(2, 1, 1, 3, 0),
(3, 4, 1, 3, 0),
(4, 7, 1, 1, 2),
(5, 2, 1, 5, 1),
(6, 1, 1, 1, 1),
(7, 1, 1, 5, 1),
(8, 5, 1, 5, 0),
(9, 2, 1, 1, 4),
(10, 1, 1, 3, 0),
(11, 1, 1, 1, 4),
(12, 1, 1, 2, 3),
(13, 3, 1, 1, 0),
(14, 4, 1, 1, 0),
(15, 6, 1, 2, 0),
(16, 1, 1, 6, 1),
(17, 7, 1, 1, 1),
(18, 6, 1, 3, 4),
(19, 5, 1, 2, 4),
(20, 1, 1, 5, 0),
(21, 2, 1, 2, 4),
(22, 2, 1, 5, 1),
(23, 2, 1, 5, 4),
(24, 3, 1, 5, 3),
(25, 1, 1, 5, 1),
(26, 2, 1, 1, 3),
(27, 2, 1, 2, 4),
(28, 3, 1, 2, 2),
(29, 2, 1, 1, 0),
(30, 1, 1, 6, 1),
(31, 5, 1, 1, 3),
(32, 3, 1, 2, 2),
(33, 4, 1, 4, 2),
(34, 1, 1, 1, 1),
(35, 2, 1, 2, 1),
(36, 3, 1, 3, 2),
(37, 1, 1, 1, 0),
(38, 1, 1, 4, 0),
(39, 3, 1, 1, 3),
(40, 6, 1, 5, 0),
(41, 3, 1, 1, 2),
(42, 7, 1, 2, 2),
(43, 2, 1, 3, 4),
(44, 3, 1, 4, 2),
(45, 3, 1, 5, 0),
(46, 4, 1, 2, 3),
(47, 2, 1, 1, 4),
(48, 1, 1, 2, 0),
(49, 1, 1, 1, 3),
(50, 5, 1, 1, 0),
(51, 1, 1, 2, 4),
(52, 2, 1, 4, 2),
(53, 2, 1, 1, 4),
(54, 1, 1, 5, 2),
(55, 6, 1, 1, 4),
(56, 2, 1, 6, 1),
(57, 2, 1, 1, 0);

-- Update Speaker of the House position for Annita Demetriou
UPDATE politicians SET position_id = 7 WHERE user_id = 10;

-- ---------------------------------------------------------------------
-- Committee memberships — each MP assigned to 1-3 committees.
-- ---------------------------------------------------------------------
INSERT INTO politician_committees (politician_id, committee_id) VALUES
(1, 4),
(2, 2),
(2, 7),
(3, 2),
(4, 5),
(4, 4),
(5, 6),
(5, 2),
(5, 3),
(6, 4),
(6, 6),
(7, 2),
(7, 5),
(8, 3),
(8, 5),
(8, 6),
(9, 3),
(10, 7),
(10, 3),
(11, 4),
(11, 6),
(11, 3),
(12, 4),
(13, 6),
(14, 5),
(14, 1),
(15, 6),
(16, 8),
(17, 8),
(17, 2),
(18, 3),
(18, 2),
(19, 5),
(19, 6),
(19, 8),
(20, 7),
(20, 3),
(21, 3),
(22, 8),
(22, 1),
(22, 7),
(23, 3),
(24, 3),
(24, 7),
(24, 6),
(25, 2),
(25, 4),
(26, 8),
(26, 5),
(27, 1),
(27, 6),
(28, 2),
(28, 6),
(28, 5),
(29, 6),
(29, 1),
(30, 7),
(30, 2),
(31, 1),
(31, 6),
(32, 5),
(32, 8),
(32, 2),
(33, 2),
(33, 7),
(33, 6),
(34, 4),
(34, 2),
(35, 3),
(35, 5),
(36, 1),
(36, 5),
(36, 3),
(37, 1),
(37, 8),
(38, 5),
(38, 2),
(39, 4),
(40, 2),
(40, 1),
(40, 6),
(41, 2),
(41, 7),
(42, 3),
(42, 2),
(42, 6),
(43, 3),
(43, 8),
(44, 7),
(44, 2),
(44, 5),
(45, 4),
(45, 6),
(45, 3),
(46, 6),
(46, 4),
(47, 8),
(47, 1),
(47, 2),
(48, 2),
(49, 1),
(49, 5),
(50, 4),
(50, 5),
(50, 2),
(51, 2),
(52, 1),
(52, 2),
(52, 8),
(53, 6),
(54, 4),
(55, 8),
(55, 2),
(56, 3),
(56, 6),
(56, 5);

-- ---------------------------------------------------------------------
-- Asset declarations — submitted for 2022 and 2023 for most MPs.
-- Amounts are illustrative/randomised for demonstration purposes.
-- ---------------------------------------------------------------------
INSERT INTO asset_declarations
    (politician_id, year, status, total_deposits, total_debts, annual_income,
     vehicles_count, vehicles_details, shares_value, shares_details,
     real_estate_count, real_estate_details, submitted_at)
VALUES
(1, 2022, 'submitted', 123718.1, 14579.83, 53648.65, 2, 'Volkswagen Golf 2020, Mercedes C-Class 2019', 4846.54, 'Cyprus Stock Exchange portfolio', 2, 'Villa in Paphos, Office in Nicosia', '2022-04-27 08:43:00'),
(1, 2023, 'submitted', 137621.99, 38770.79, 33030.63, 3, 'Ford Focus 2019, Mercedes C-Class 2019, Volkswagen Golf 2020', 9579.5, 'European ETFs', 2, 'Plot in Paphos, Villa in Paphos', '2023-04-22 12:29:00'),
(2, 2022, 'submitted', 64965.16, 55395.94, 52156.54, 3, 'Mercedes C-Class 2019, Toyota Corolla 2020, Nissan Qashqai 2019', 41801.38, 'Bank of Cyprus shares', 1, 'Plot in Paphos', '2022-04-26 15:30:00'),
(2, 2023, 'submitted', 58474.51, 24062.42, 32931.77, 2, 'Toyota Corolla 2020, Audi A4 2020', 13260.15, NULL, 2, 'House in Nicosia, Villa in Paphos', '2023-04-28 15:09:00'),
(3, 2022, 'submitted', 54181.62, 13062.05, 32924.16, 3, 'Nissan Qashqai 2019, Toyota Corolla 2020, Ford Focus 2019', 2858.26, 'European ETFs', 2, 'Plot in Kyrenia, Office in Nicosia', '2022-04-22 08:32:00'),
(3, 2023, 'submitted', 34420.06, 11149.5, 59751.76, 3, 'Volkswagen Golf 2020, Audi A4 2020, Mercedes C-Class 2019', 47079.81, 'European ETFs', 1, 'House in Larnaca', '2023-04-29 08:39:00'),
(4, 2022, 'submitted', 34757.01, 39442.39, 58261.35, 2, 'Honda Civic 2018, Volkswagen Golf 2020', 33486.3, 'Various mutual funds', 1, 'House in Nicosia', '2022-04-26 10:42:00'),
(4, 2023, 'submitted', 136190.14, 27433.47, 76450.92, 1, 'Toyota Corolla 2020', 22914.28, 'European ETFs', 1, 'House in Limassol', '2023-04-28 11:32:00'),
(5, 2022, 'submitted', 67736.07, 55995.56, 74043.21, 1, 'Ford Focus 2019', 14249.37, 'Cyprus Stock Exchange portfolio', 3, 'Office in Nicosia, House in Nicosia, House in Larnaca', '2022-04-30 16:00:00'),
(5, 2023, 'submitted', 140215.38, 33276.14, 76587.8, 1, 'BMW 3 Series 2021', 13223.3, 'Bank of Cyprus shares', 3, 'Plot in Kyrenia, Plot in Paphos, House in Nicosia', '2023-04-24 17:13:00'),
(6, 2022, 'submitted', 149170.19, 12215.84, 61711.9, 2, 'Nissan Qashqai 2019, Hyundai Tucson 2021', 12556.06, NULL, 1, 'House in Limassol', '2022-04-30 14:53:00'),
(6, 2023, 'submitted', 69802.44, 212.74, 68555.96, 3, 'Honda Civic 2018, BMW 3 Series 2021, Hyundai Tucson 2021', 27584.02, 'Cyprus Stock Exchange portfolio', 3, 'Apartment in Nicosia, House in Limassol, Apartment in Paphos', '2023-04-22 16:02:00'),
(7, 2022, 'submitted', 170227.1, 34950.57, 37404.69, 1, 'Toyota Corolla 2020', 15412.92, NULL, 1, 'Commercial property in Limassol', '2022-04-23 11:42:00'),
(7, 2023, 'submitted', 38502.85, 46806.97, 74206.74, 2, 'Kia Sportage 2020, BMW 3 Series 2021', 46288.19, 'Hellenic Bank shares', 1, 'Plot in Paphos', '2023-04-26 08:11:00'),
(8, 2022, 'submitted', 152581.6, 19931.13, 76540.79, 3, 'Jeep Wrangler 2018, Volkswagen Golf 2020, Honda Civic 2018', 7959.89, 'Government bonds', 1, 'Villa in Paphos', '2022-04-20 15:14:00'),
(8, 2023, 'submitted', 55923.11, 55107.11, 47482.92, 1, 'Volkswagen Golf 2020', 1183.22, 'Hellenic Bank shares', 2, 'Commercial property in Limassol, House in Nicosia', '2023-04-21 12:22:00'),
(9, 2022, 'submitted', 135466.71, 23980.7, 79057.48, 3, 'Ford Focus 2019, Toyota Corolla 2020, Mercedes C-Class 2019', 43851.92, 'Various mutual funds', 1, 'House in Larnaca', '2022-04-24 08:06:00'),
(9, 2023, 'submitted', 127382.83, 20741.23, 69321.41, 2, 'Kia Sportage 2020, Nissan Qashqai 2019', 5782.29, 'European ETFs', 1, 'House in Nicosia', '2023-04-20 14:00:00'),
(10, 2022, 'submitted', 113585.66, 48390.65, 64342.86, 3, 'Jeep Wrangler 2018, Skoda Octavia 2021, Volkswagen Golf 2020', 18211.07, 'Bank of Cyprus shares', 3, 'Commercial property in Limassol, House in Larnaca, Office in Nicosia', '2022-04-30 09:46:00'),
(10, 2023, 'submitted', 182008.43, 30427.35, 63344.65, 2, 'Audi A4 2020, Honda Civic 2018', 27720.62, 'Hellenic Bank shares', 2, 'Apartment in Paphos, Villa in Paphos', '2023-04-30 10:39:00'),
(11, 2022, 'submitted', 122438.95, 24364.51, 71686.26, 2, 'Honda Civic 2018, Volkswagen Golf 2020', 21494.41, 'European ETFs', 3, 'Apartment in Paphos, Commercial property in Limassol, Apartment in Famagusta', '2022-04-27 15:43:00'),
(11, 2023, 'submitted', 58466.25, 28391.17, 75059.04, 3, 'BMW 3 Series 2021, Skoda Octavia 2021, Mercedes C-Class 2019', 14189.32, 'Government bonds', 3, 'House in Larnaca, Commercial property in Limassol, House in Limassol', '2023-04-23 12:14:00'),
(12, 2022, 'submitted', 165181.32, 8841.24, 32310.69, 2, 'Kia Sportage 2020, Mercedes C-Class 2019', 22770.81, 'Government bonds', 3, 'Apartment in Larnaca, Villa in Paphos, Apartment in Famagusta', '2022-04-26 11:09:00'),
(12, 2023, 'submitted', 138090.44, 332.69, 67548.22, 1, 'Audi A4 2020', 10942.06, NULL, 3, 'Plot in Kyrenia, Apartment in Famagusta, Apartment in Nicosia', '2023-04-28 11:58:00'),
(13, 2022, 'submitted', 172700.54, 27387.71, 70070.83, 3, 'Nissan Qashqai 2019, Jeep Wrangler 2018, Kia Sportage 2020', 15864.9, NULL, 2, 'House in Larnaca, Plot in Kyrenia', '2022-04-26 16:28:00'),
(13, 2023, 'submitted', 181497.46, 44619.33, 53733.72, 2, 'Volkswagen Golf 2020, Skoda Octavia 2021', 13865.57, NULL, 3, 'Apartment in Famagusta, Apartment in Paphos, Apartment in Larnaca', '2023-04-24 15:04:00'),
(14, 2022, 'submitted', 148438.08, 14069.61, 46792.38, 3, 'Mercedes C-Class 2019, BMW 3 Series 2021, Skoda Octavia 2021', 11563.07, 'Government bonds', 1, 'Office in Nicosia', '2022-04-23 09:26:00'),
(14, 2023, 'submitted', 93367.89, 32556.67, 50788.71, 1, 'Audi A4 2020', 19473.84, NULL, 3, 'Office in Nicosia, Apartment in Nicosia, House in Larnaca', '2023-04-26 15:00:00'),
(15, 2022, 'submitted', 189693.5, 17916.76, 49499.33, 2, 'Nissan Qashqai 2019, Jeep Wrangler 2018', 39993.41, 'Hellenic Bank shares', 2, 'Apartment in Larnaca, House in Nicosia', '2022-04-26 15:01:00'),
(15, 2023, 'submitted', 89994.3, 40132.42, 69907.12, 3, 'BMW 3 Series 2021, Hyundai Tucson 2021, Jeep Wrangler 2018', 49036.1, 'European ETFs', 1, 'Villa in Paphos', '2023-04-29 17:42:00'),
(16, 2022, 'submitted', 24878.37, 38564.98, 36784.97, 2, 'BMW 3 Series 2021, Toyota Corolla 2020', 13007.82, 'Various mutual funds', 1, 'Apartment in Famagusta', '2022-04-25 13:48:00'),
(16, 2023, 'submitted', 178335.2, 16695.4, 77560.21, 2, 'Honda Civic 2018, Mercedes C-Class 2019', 23515.34, 'Government bonds', 3, 'Apartment in Nicosia, Commercial property in Limassol, Apartment in Larnaca', '2023-04-30 09:49:00'),
(17, 2022, 'submitted', 192311.41, 2415.49, 31551.5, 1, 'Volkswagen Golf 2020', 41961.44, 'European ETFs', 1, 'Apartment in Larnaca', '2022-04-22 15:42:00'),
(17, 2023, 'submitted', 40590.1, 56865.42, 53251.7, 2, 'Ford Focus 2019, BMW 3 Series 2021', 30294.63, 'Government bonds', 3, 'House in Limassol, Plot in Paphos, House in Nicosia', '2023-04-21 17:01:00'),
(18, 2022, 'submitted', 187199.69, 34547.8, 75401.31, 2, 'Audi A4 2020, Volkswagen Golf 2020', 3799.82, 'Government bonds', 3, 'Apartment in Larnaca, House in Limassol, House in Nicosia', '2022-04-30 17:51:00'),
(18, 2023, 'submitted', 41789.91, 59030.66, 69131.77, 2, 'Nissan Qashqai 2019, Audi A4 2020', 33076.07, 'Bank of Cyprus shares', 3, 'Apartment in Paphos, Commercial property in Limassol, Apartment in Nicosia', '2023-04-26 15:06:00'),
(19, 2022, 'submitted', 98034.21, 21731.28, 74578.75, 2, 'Jeep Wrangler 2018, BMW 3 Series 2021', 21774.36, 'Government bonds', 3, 'Apartment in Paphos, House in Nicosia, House in Larnaca', '2022-04-28 15:29:00'),
(19, 2023, 'submitted', 98403.41, 43861.57, 43419.78, 1, 'Mercedes C-Class 2019', 13946.41, 'Cyprus Stock Exchange portfolio', 1, 'Apartment in Famagusta', '2023-04-29 17:42:00'),
(20, 2022, 'submitted', 88218.07, 1722.0, 72547.64, 1, 'Hyundai Tucson 2021', 10605.99, NULL, 2, 'Commercial property in Limassol, House in Nicosia', '2022-04-29 12:35:00'),
(20, 2023, 'submitted', 21827.2, 56883.75, 34280.65, 3, 'Audi A4 2020, Hyundai Tucson 2021, Nissan Qashqai 2019', 37908.23, 'Government bonds', 2, 'Apartment in Paphos, Apartment in Famagusta', '2023-04-27 08:05:00'),
(21, 2022, 'submitted', 72962.4, 24264.07, 42165.26, 3, 'Kia Sportage 2020, Ford Focus 2019, Hyundai Tucson 2021', 27673.65, 'Various mutual funds', 2, 'Office in Nicosia, Plot in Kyrenia', '2022-04-25 13:44:00'),
(21, 2023, 'submitted', 101674.15, 18397.38, 41526.9, 3, 'Volkswagen Golf 2020, Ford Focus 2019, Mercedes C-Class 2019', 37144.05, NULL, 3, 'Plot in Paphos, Apartment in Larnaca, Apartment in Paphos', '2023-04-27 12:46:00'),
(22, 2022, 'submitted', 126125.64, 45612.47, 59839.54, 1, 'Volkswagen Golf 2020', 14812.32, 'Various mutual funds', 1, 'House in Nicosia', '2022-04-20 16:08:00'),
(22, 2023, 'submitted', 69376.04, 58457.7, 57667.95, 3, 'BMW 3 Series 2021, Skoda Octavia 2021, Hyundai Tucson 2021', 5129.38, 'Bank of Cyprus shares', 3, 'House in Nicosia, Apartment in Famagusta, Apartment in Paphos', '2023-04-27 13:11:00'),
(23, 2022, 'submitted', 193789.58, 15148.7, 73086.15, 1, 'Mercedes C-Class 2019', 20035.37, 'Bank of Cyprus shares', 3, 'Apartment in Paphos, Office in Nicosia, Apartment in Nicosia', '2022-04-22 10:51:00'),
(23, 2023, 'submitted', 121311.13, 18230.13, 79695.91, 1, 'Nissan Qashqai 2019', 38222.17, 'European ETFs', 3, 'House in Larnaca, Apartment in Larnaca, Plot in Kyrenia', '2023-04-26 15:58:00'),
(24, 2022, 'submitted', 99689.78, 51610.0, 79501.56, 2, 'Kia Sportage 2020, Jeep Wrangler 2018', 3011.52, 'Government bonds', 1, 'Apartment in Larnaca', '2022-04-30 11:16:00'),
(24, 2023, 'submitted', 138877.06, 9423.43, 38690.68, 1, 'BMW 3 Series 2021', 133.79, 'Cyprus Stock Exchange portfolio', 3, 'House in Larnaca, Apartment in Famagusta, House in Nicosia', '2023-04-20 11:18:00'),
(25, 2022, 'submitted', 147252.05, 42179.25, 52701.57, 3, 'Volkswagen Golf 2020, Honda Civic 2018, Kia Sportage 2020', 33059.15, 'Hellenic Bank shares', 2, 'House in Limassol, Plot in Kyrenia', '2022-04-23 10:58:00'),
(25, 2023, 'submitted', 67813.84, 8534.18, 32981.9, 2, 'Kia Sportage 2020, Jeep Wrangler 2018', 46059.63, 'Cyprus Stock Exchange portfolio', 1, 'Apartment in Famagusta', '2023-04-24 14:17:00'),
(26, 2022, 'submitted', 110084.99, 29627.71, 34022.09, 1, 'Audi A4 2020', 36726.7, 'European ETFs', 2, 'Apartment in Nicosia, House in Limassol', '2022-04-23 17:37:00'),
(26, 2023, 'submitted', 191141.53, 59974.35, 63614.08, 2, 'Kia Sportage 2020, Toyota Corolla 2020', 38155.45, 'Hellenic Bank shares', 2, 'Plot in Kyrenia, Apartment in Paphos', '2023-04-27 12:11:00'),
(27, 2022, 'submitted', 199450.19, 26153.1, 70712.25, 1, 'Hyundai Tucson 2021', 17398.05, 'Various mutual funds', 2, 'Apartment in Paphos, House in Limassol', '2022-04-22 13:26:00'),
(27, 2023, 'submitted', 144861.26, 17293.07, 77259.68, 3, 'Toyota Corolla 2020, Hyundai Tucson 2021, Mercedes C-Class 2019', 15725.86, 'Various mutual funds', 1, 'Villa in Paphos', '2023-04-28 08:42:00'),
(28, 2022, 'submitted', 176486.15, 27718.58, 32710.2, 3, 'Ford Focus 2019, Kia Sportage 2020, Hyundai Tucson 2021', 31270.44, NULL, 1, 'Apartment in Larnaca', '2022-04-24 16:08:00'),
(28, 2023, 'submitted', 186981.1, 26286.97, 64912.5, 1, 'Toyota Corolla 2020', 48657.34, 'European ETFs', 1, 'Office in Nicosia', '2023-04-22 12:35:00'),
(29, 2022, 'submitted', 22461.4, 24479.44, 41235.03, 1, 'Hyundai Tucson 2021', 47353.04, 'Government bonds', 1, 'Apartment in Famagusta', '2022-04-24 16:45:00'),
(29, 2023, 'submitted', 69216.48, 50083.44, 79012.23, 1, 'Hyundai Tucson 2021', 27563.25, 'Cyprus Stock Exchange portfolio', 1, 'House in Larnaca', '2023-04-28 10:55:00'),
(30, 2022, 'submitted', 32565.81, 46360.51, 72720.62, 2, 'Nissan Qashqai 2019, Honda Civic 2018', 41027.47, 'Various mutual funds', 3, 'House in Nicosia, House in Larnaca, Apartment in Paphos', '2022-04-30 15:55:00'),
(30, 2023, 'submitted', 46747.18, 32314.83, 47256.2, 3, 'Nissan Qashqai 2019, Audi A4 2020, Hyundai Tucson 2021', 46642.61, NULL, 1, 'Office in Nicosia', '2023-04-23 17:24:00'),
(31, 2022, 'submitted', 62041.24, 46532.67, 32182.36, 3, 'Hyundai Tucson 2021, Audi A4 2020, Skoda Octavia 2021', 49420.7, NULL, 3, 'Plot in Paphos, Apartment in Famagusta, Apartment in Nicosia', '2022-04-22 16:37:00'),
(31, 2023, 'submitted', 79759.05, 6021.88, 72251.97, 1, 'Nissan Qashqai 2019', 45522.08, 'Bank of Cyprus shares', 3, 'Plot in Paphos, Villa in Paphos, Office in Nicosia', '2023-04-21 15:50:00'),
(32, 2022, 'submitted', 194456.65, 20313.67, 64635.23, 3, 'Mercedes C-Class 2019, Ford Focus 2019, Nissan Qashqai 2019', 19000.47, 'Various mutual funds', 3, 'Office in Nicosia, Apartment in Famagusta, Plot in Kyrenia', '2022-04-20 17:04:00'),
(32, 2023, 'submitted', 62258.64, 41063.97, 44368.95, 1, 'Jeep Wrangler 2018', 4518.97, 'Bank of Cyprus shares', 3, 'Office in Nicosia, House in Limassol, Apartment in Famagusta', '2023-04-22 12:57:00'),
(33, 2022, 'submitted', 25210.5, 19462.48, 32805.96, 2, 'Ford Focus 2019, Audi A4 2020', 7278.49, 'European ETFs', 2, 'House in Larnaca, Apartment in Paphos', '2022-04-22 10:11:00'),
(33, 2023, 'submitted', 34214.3, 52250.38, 60985.52, 1, 'Hyundai Tucson 2021', 45641.45, 'Hellenic Bank shares', 1, 'Apartment in Famagusta', '2023-04-30 12:29:00'),
(34, 2022, 'submitted', 65958.81, 563.85, 70231.65, 2, 'Skoda Octavia 2021, Nissan Qashqai 2019', 7898.78, 'Cyprus Stock Exchange portfolio', 2, 'House in Larnaca, House in Nicosia', '2022-04-30 14:44:00'),
(34, 2023, 'submitted', 65017.68, 50718.24, 39960.85, 2, 'Hyundai Tucson 2021, Mercedes C-Class 2019', 11860.29, 'European ETFs', 2, 'House in Larnaca, House in Nicosia', '2023-04-24 08:53:00'),
(35, 2022, 'submitted', 138481.37, 16468.82, 58296.45, 3, 'Jeep Wrangler 2018, Toyota Corolla 2020, Kia Sportage 2020', 37258.61, NULL, 2, 'Apartment in Larnaca, House in Larnaca', '2022-04-25 11:40:00'),
(35, 2023, 'submitted', 54223.76, 15037.61, 67778.87, 3, 'Skoda Octavia 2021, BMW 3 Series 2021, Mercedes C-Class 2019', 45170.19, 'Government bonds', 1, 'House in Nicosia', '2023-04-27 08:37:00'),
(36, 2022, 'submitted', 85675.02, 7884.71, 75481.39, 2, 'Jeep Wrangler 2018, Audi A4 2020', 8782.0, 'Hellenic Bank shares', 3, 'Commercial property in Limassol, Plot in Kyrenia, Apartment in Paphos', '2022-04-24 10:16:00'),
(36, 2023, 'submitted', 184528.81, 56651.27, 78369.2, 2, 'Jeep Wrangler 2018, Ford Focus 2019', 40211.63, 'Cyprus Stock Exchange portfolio', 1, 'Plot in Paphos', '2023-04-23 14:54:00'),
(37, 2022, 'submitted', 164825.78, 21946.5, 69534.1, 1, 'Honda Civic 2018', 26828.62, 'Cyprus Stock Exchange portfolio', 2, 'Apartment in Paphos, Office in Nicosia', '2022-04-24 17:24:00'),
(37, 2023, 'submitted', 168035.11, 56417.51, 35417.31, 1, 'Hyundai Tucson 2021', 1251.23, 'European ETFs', 2, 'House in Larnaca, Apartment in Larnaca', '2023-04-30 09:40:00'),
(38, 2022, 'submitted', 168293.96, 54563.26, 45109.51, 2, 'Mercedes C-Class 2019, BMW 3 Series 2021', 2267.34, 'Bank of Cyprus shares', 2, 'Apartment in Famagusta, House in Limassol', '2022-04-21 11:56:00'),
(38, 2023, 'submitted', 116758.39, 23318.75, 48550.58, 3, 'Jeep Wrangler 2018, Nissan Qashqai 2019, Audi A4 2020', 29367.02, 'Government bonds', 1, 'Villa in Paphos', '2023-04-30 09:53:00'),
(39, 2022, 'submitted', 108082.47, 24486.95, 77576.08, 1, 'Jeep Wrangler 2018', 18526.5, 'Cyprus Stock Exchange portfolio', 2, 'Apartment in Larnaca, Commercial property in Limassol', '2022-04-21 13:34:00'),
(39, 2023, 'submitted', 182305.32, 38689.61, 33027.5, 2, 'Volkswagen Golf 2020, Mercedes C-Class 2019', 47450.54, NULL, 2, 'House in Limassol, Apartment in Paphos', '2023-04-23 17:01:00'),
(40, 2022, 'submitted', 29104.13, 20010.55, 79441.05, 3, 'Volkswagen Golf 2020, Mercedes C-Class 2019, Nissan Qashqai 2019', 10357.87, 'Hellenic Bank shares', 1, 'Commercial property in Limassol', '2022-04-22 17:00:00'),
(40, 2023, 'submitted', 69909.47, 59041.69, 79376.37, 3, 'Honda Civic 2018, BMW 3 Series 2021, Mercedes C-Class 2019', 33052.88, 'Bank of Cyprus shares', 1, 'Apartment in Nicosia', '2023-04-25 11:37:00'),
(41, 2022, 'submitted', 78278.86, 10454.77, 32619.95, 3, 'Audi A4 2020, Nissan Qashqai 2019, Mercedes C-Class 2019', 37283.26, 'Cyprus Stock Exchange portfolio', 2, 'Commercial property in Limassol, Plot in Kyrenia', '2022-04-29 09:28:00'),
(41, 2023, 'submitted', 110690.96, 56724.94, 32168.25, 3, 'Nissan Qashqai 2019, Honda Civic 2018, Hyundai Tucson 2021', 32167.03, 'Bank of Cyprus shares', 1, 'Apartment in Famagusta', '2023-04-26 14:43:00'),
(42, 2022, 'submitted', 39433.13, 42744.08, 52178.12, 1, 'Ford Focus 2019', 30414.87, 'Bank of Cyprus shares', 1, 'House in Nicosia', '2022-04-29 17:35:00'),
(42, 2023, 'submitted', 148187.5, 22854.26, 59869.59, 2, 'Hyundai Tucson 2021, Nissan Qashqai 2019', 30271.34, 'Bank of Cyprus shares', 3, 'House in Limassol, Apartment in Paphos, Plot in Kyrenia', '2023-04-23 14:28:00'),
(43, 2022, 'submitted', 179856.38, 24828.81, 71370.96, 2, 'Audi A4 2020, Mercedes C-Class 2019', 15627.42, 'Various mutual funds', 3, 'House in Nicosia, Commercial property in Limassol, Plot in Paphos', '2022-04-30 15:04:00'),
(43, 2023, 'submitted', 36420.46, 5121.86, 51593.83, 3, 'Jeep Wrangler 2018, Ford Focus 2019, BMW 3 Series 2021', 27818.54, 'European ETFs', 3, 'Plot in Kyrenia, Commercial property in Limassol, House in Limassol', '2023-04-26 13:55:00'),
(44, 2022, 'submitted', 139761.29, 45017.06, 73404.61, 3, 'Toyota Corolla 2020, Honda Civic 2018, Kia Sportage 2020', 15622.44, 'Bank of Cyprus shares', 3, 'Plot in Kyrenia, Apartment in Larnaca, Plot in Paphos', '2022-04-30 15:14:00'),
(44, 2023, 'submitted', 172509.47, 21006.84, 57813.27, 1, 'Honda Civic 2018', 28705.0, NULL, 2, 'Plot in Kyrenia, House in Larnaca', '2023-04-29 16:01:00'),
(45, 2022, 'submitted', 129619.08, 39469.87, 64673.56, 1, 'BMW 3 Series 2021', 13663.52, NULL, 2, 'Commercial property in Limassol, Office in Nicosia', '2022-04-20 10:55:00'),
(45, 2023, 'submitted', 45785.27, 39440.68, 33479.27, 3, 'Skoda Octavia 2021, Toyota Corolla 2020, Mercedes C-Class 2019', 37305.59, 'Hellenic Bank shares', 2, 'Villa in Paphos, Apartment in Famagusta', '2023-04-25 10:23:00'),
(46, 2022, 'submitted', 76094.73, 19462.97, 77070.37, 3, 'Mercedes C-Class 2019, Toyota Corolla 2020, BMW 3 Series 2021', 7870.49, 'European ETFs', 1, 'Apartment in Paphos', '2022-04-21 12:28:00'),
(46, 2023, 'submitted', 139148.96, 29139.7, 52102.21, 2, 'Volkswagen Golf 2020, Nissan Qashqai 2019', 5690.88, 'Cyprus Stock Exchange portfolio', 1, 'House in Nicosia', '2023-04-30 17:31:00'),
(47, 2022, 'submitted', 114848.14, 18505.16, 41025.92, 3, 'Toyota Corolla 2020, Jeep Wrangler 2018, Volkswagen Golf 2020', 15070.97, 'Hellenic Bank shares', 1, 'House in Nicosia', '2022-04-24 13:07:00'),
(47, 2023, 'submitted', 21391.38, 44820.85, 38784.74, 2, 'Nissan Qashqai 2019, Volkswagen Golf 2020', 25013.12, NULL, 3, 'Commercial property in Limassol, House in Limassol, Villa in Paphos', '2023-04-20 14:01:00'),
(48, 2022, 'submitted', 102755.77, 4671.76, 45653.03, 2, 'Kia Sportage 2020, Audi A4 2020', 35474.95, 'Cyprus Stock Exchange portfolio', 2, 'House in Limassol, Villa in Paphos', '2022-04-20 13:10:00'),
(48, 2023, 'submitted', 164237.99, 37087.52, 71601.3, 2, 'Mercedes C-Class 2019, Audi A4 2020', 42224.22, 'Hellenic Bank shares', 2, 'House in Larnaca, Villa in Paphos', '2023-04-28 09:25:00'),
(49, 2022, 'submitted', 176694.39, 44748.29, 41078.6, 1, 'Mercedes C-Class 2019', 25524.16, 'Bank of Cyprus shares', 3, 'Plot in Kyrenia, Apartment in Larnaca, Commercial property in Limassol', '2022-04-25 10:15:00'),
(49, 2023, 'submitted', 38504.81, 15358.09, 38674.95, 1, 'Skoda Octavia 2021', 3767.66, NULL, 3, 'Apartment in Famagusta, Office in Nicosia, House in Larnaca', '2023-04-29 15:43:00'),
(50, 2022, 'submitted', 186347.77, 33869.51, 61764.92, 3, 'Ford Focus 2019, Skoda Octavia 2021, Jeep Wrangler 2018', 7547.87, 'Bank of Cyprus shares', 2, 'Apartment in Famagusta, Apartment in Paphos', '2022-04-24 12:37:00'),
(50, 2023, 'submitted', 30110.98, 30440.21, 45520.39, 2, 'Toyota Corolla 2020, Jeep Wrangler 2018', 18436.88, 'Various mutual funds', 1, 'Apartment in Paphos', '2023-04-21 17:38:00'),
(51, 2022, 'submitted', 111272.21, 27762.7, 57715.82, 3, 'Toyota Corolla 2020, Hyundai Tucson 2021, Kia Sportage 2020', 32591.87, 'Various mutual funds', 3, 'Apartment in Famagusta, Plot in Kyrenia, Plot in Paphos', '2022-04-20 15:06:00'),
(51, 2023, 'submitted', 165974.03, 50242.63, 79119.28, 1, 'Nissan Qashqai 2019', 32306.35, 'Bank of Cyprus shares', 1, 'Office in Nicosia', '2023-04-27 15:33:00'),
(52, 2022, 'submitted', 114094.65, 9524.77, 48642.6, 2, 'Audi A4 2020, Jeep Wrangler 2018', 38723.24, 'Government bonds', 3, 'Apartment in Nicosia, Apartment in Paphos, Commercial property in Limassol', '2022-04-21 13:06:00'),
(52, 2023, 'submitted', 120433.38, 23193.85, 42599.79, 3, 'Kia Sportage 2020, BMW 3 Series 2021, Ford Focus 2019', 4075.1, 'Government bonds', 1, 'Commercial property in Limassol', '2023-04-24 14:08:00'),
(53, 2022, 'submitted', 127107.42, 56280.13, 45479.09, 2, 'Skoda Octavia 2021, Ford Focus 2019', 40659.24, 'Government bonds', 3, 'Office in Nicosia, Apartment in Paphos, Plot in Kyrenia', '2022-04-21 14:32:00'),
(53, 2023, 'submitted', 85129.06, 21755.86, 39013.15, 1, 'Ford Focus 2019', 47383.41, 'Cyprus Stock Exchange portfolio', 1, 'Apartment in Larnaca', '2023-04-22 10:04:00'),
(54, 2022, 'submitted', 73242.58, 47287.21, 55384.49, 3, 'Jeep Wrangler 2018, Nissan Qashqai 2019, Toyota Corolla 2020', 33096.46, NULL, 3, 'Plot in Paphos, House in Larnaca, Villa in Paphos', '2022-04-22 10:11:00'),
(54, 2023, 'submitted', 169642.11, 46265.87, 70452.19, 1, 'Jeep Wrangler 2018', 21883.67, 'Cyprus Stock Exchange portfolio', 2, 'Apartment in Paphos, Apartment in Larnaca', '2023-04-27 17:18:00'),
(55, 2022, 'submitted', 155430.41, 47028.02, 41700.15, 1, 'Honda Civic 2018', 48279.83, NULL, 2, 'Apartment in Larnaca, Commercial property in Limassol', '2022-04-30 17:28:00'),
(55, 2023, 'submitted', 103102.4, 16906.3, 49093.62, 3, 'Audi A4 2020, BMW 3 Series 2021, Volkswagen Golf 2020', 40062.96, 'Hellenic Bank shares', 2, 'Apartment in Nicosia, Apartment in Paphos', '2023-04-27 13:35:00'),
(56, 2022, 'submitted', 188172.84, 42684.06, 55795.47, 1, 'Honda Civic 2018', 4193.76, 'Hellenic Bank shares', 2, 'Apartment in Famagusta, Plot in Kyrenia', '2022-04-22 14:05:00'),
(56, 2023, 'submitted', 190354.39, 13322.28, 52556.4, 2, 'Toyota Corolla 2020, Audi A4 2020', 2662.84, 'European ETFs', 2, 'Apartment in Larnaca, Villa in Paphos', '2023-04-21 13:14:00');